"Model","RMSE","MAE"
"Linear Regression",0.340044556018742,0.238895878552831
"Random Forest",0.310781877921117,0.204472421179489
"SVM",0.231354472949909,0.149900697960711
